STORE_ID	1_CATEGORY	2_CATEGORY	3_CATEGORY	4_CATEGORY	NAME	BUSINESS_NAME	PARTNER_NAME	STREET	NUM	CITY	STATE	ZIP	LOCALE_TYPE	INTRODUCED_DATE	RETIRED_DATE	REINTRODUCED_DATE	STATUS	LAT	LONG	SALES_AREA_LEVEL_1	SALES_AREA_LEVEL_2	SALES_AREA_LEVEL_3	INGESTION_DATE	STORE_PHONE	STORE_LINK	PARTNER_ID
1097	NORTE	A	M - 828m2 a 1136m2	SHOPPING			LB TROPICAL SHOPPING	AVN CORONEL COLARES MOREIRA 40		JARDIM RENASCENCA	MA	65075-441		2014-05-06T17:39:00Z			ATIVO	0.0	0.0				2019-11-14T19:37:56Z			
1098	NORDESTE	B	P - Ate 827m2	SHOPPING			LB SHOP TAMBIA	RUA DEPUTADO ODON BEZERRA 184		João Pessoa	PB	58020-500		2013-11-26T17:39:00Z			ATIVO	0.0	0.0				2019-11-14T19:37:56Z			
1099	BAHIA	B	P - Ate 827m2	RUA			LB EUNAPOLIS CENTRO	Av Dique de Caxias 599		Eunápolis	BA	45820-090		2013-12-18T17:39:00Z			ATIVO	0.0	0.0				2019-11-14T19:37:56Z			
1100	NORDESTE	B	P - Ate 827m2	SHOPPING			LB SHOP PARTAGE	AV SEVERINO BEZERRA CABRAL 143		CAMPINA GRANDE	PB	58410-185		2013-11-26T17:39:00Z			ATIVO	0.0	0.0				2019-11-14T19:37:56Z			
1101	NORTE	A	P - Ate 827m2	SHOPPING			LB SHOPPING METROPOLE	ROD BR 316, KM 4 4500, LOJA 20		ANANINDEUA	PA	67113-970		2012-11-23T17:39:00Z			ATIVO	0.0	0.0				2019-11-14T19:37:56Z			
1102	BAHIA	B	M - 828m2 a 1136m2	SHOPPING			LB SHOP PIEDADE	RUA CONSELHEIRO JUNQUEIRA AYRE		SALVADOR	BA	40070-901		2011-02-26T17:39:00Z			ATIVO	0.0	0.0				2019-11-14T19:37:56Z			
1103	SUDESTE	B	M - 828m2 a 1136m2	SHOPPING			LB ITAÚ POWER	AVN GENERAL DAVID SAMOFF 5160		CONTAGEM	MG	32210-110		2011-02-26T17:39:00Z			ATIVO	0.0	0.0				2019-11-14T19:37:56Z			
1104	SUDESTE	B	P - Ate 827m2	SHOPPING			LB VIA BARREIRO	Avn Afonso Vaz de Melo 640		Belo Horizonte	MG	30640-070		2011-11-29T17:39:00Z			ATIVO	0.0	0.0				2019-11-14T19:37:56Z			
1105	BAHIA	B	P - Ate 827m2	RUA			LB VITORIA DA CONQUISTA	AVN LAURO DE FREITAS 274		VITORIA DA CONQUISTA	BA	45000-230		2008-12-01T17:39:00Z			ATIVO	0.0	0.0				2019-11-14T19:37:56Z			
1107	NORDESTE	B	M - 828m2 a 1136m2	SHOPPING			LB SHOP CAMARA	RUA MANOEL HONORATO DA COSTA 5		CAMARAGIBE	PE	54759-475		2013-07-25T17:39:00Z			ATIVO	0.0	0.0				2019-11-14T19:37:56Z			
1108	NORDESTE	B	M - 828m2 a 1136m2	SHOPPING			LB SHOP PATTEO OLINDA	R EDUARDO DE MORAES S/N		OLINDA	PE	53130-635		2012-09-27T17:39:00Z			ATIVO	0.0	0.0				2019-11-14T19:37:56Z			
1109	NORTE	A	M - 828m2 a 1136m2	SHOPPING			LB PARTAGE PARAUAPEBAS	ROD PA 275, KM 61 6 LOTE ZONA		PARAUAPEBAS	PA	68515-000		2014-05-06T17:39:00Z			ATIVO	0.0	0.0				2019-11-14T19:37:56Z			
1110	NORTE	A	P - Ate 827m2	SHOPPING			LB SHOP BOSQUE GRÃO PARÁ	ROD DOS TRABALHADORES 1986, LO		BELÉM	PA	66635-894		2012-11-23T17:39:00Z			ATIVO	0.0	0.0				2019-11-14T19:37:56Z			
1149	SUDESTE	B	P - Ate 827m2	SHOPPING			LB  CENTRAL PARK	RUA URSULA PAULINO 1321		BELO HORIZONTE	MG	30580-353		2011-11-29T17:39:00Z			ATIVO	0.0	0.0				2019-11-14T19:37:56Z			
1150	SUDESTE	B	M - 828m2 a 1136m2	SHOPPING			PARQUE SHOPPING BARUERI	RUA GENERAL DE DIVISÃO DE PEDR		BARUERI	SP	06440-180		2019-09-26T17:39:00Z			ATIVO	0.0	0.0				2019-11-14T19:37:56Z			
1152	SUDESTE	B	P - Ate 827m2	SHOPPING			LB SHOPPING ESTACAO BH	AVENIDA CRISTIANO MACHADO 1183		BELO HORIZONTE	MG	31744-007		2011-11-29T17:39:00Z			ATIVO	0.0	0.0				2019-11-14T19:37:56Z			
1138	NORTE	C	P - Ate 827m2	SHOPPING			LB TERESINA SHOPPING	AVENIDA RAUL LOPES 1000		TERESINA	PI	64046-010		2018-12-20T17:39:00Z			ATIVO	0.0	0.0				2019-11-14T19:37:56Z			
1226	SUDESTE	B	M - 828m2 a 1136m2	SHOPPING			LB SHOPPING CENTER NORTE	TRAVESSA CASALBUONO 120, LUC 5		SÃO PAULO	SP	02089-900		2013-04-11T17:39:00Z			ATIVO	0.0	0.0				2019-11-14T19:37:56Z			
4001	BAHIA	B	G - 1137m2 a 1600m2	RUA			AKOUN ADMINISTRAÇÃO DE FRANQUI	AV. MARIO LEAL FERREIRA 1254		SALVADOR	BA	40285-600		1999-01-01T17:39:00Z			ATIVO	0.0	0.0				2019-11-14T19:37:56Z			
9002	BAHIA	B	G - 1137m2 a 1600m2	RUA			ANILUE ARMARINHOS EIRELI	PC JOSE LEAO DOS SANTOS 285		IPIRA	BA	44600-000		1999-01-01T17:39:00Z			ATIVO	0.0	0.0				2019-11-14T19:37:56Z			
1151	SUDESTE	B	P - Ate 827m2	SHOPPING			LB PARQUE SHOPPING MAIA	AV BARTHOLOMEU DE CARLOS 230		GUARULHOS	SP	07097-420		2013-12-05T17:39:00Z			ATIVO	0.0	0.0				2019-11-14T19:37:56Z			
9001	BAHIA	B	G - 1137m2 a 1600m2	RUA			TESCO GMP COM VAREJ DE ART P U	RUA AURELIO JOSE MARQUES 100		IRECÊ	BA	44900-000		1999-01-01T17:39:00Z			ATIVO	0.0	0.0				2019-11-14T19:37:56Z			
9004	BAHIA	B	G - 1137m2 a 1600m2	RUA			LB COMERCIO DE PRODUTOS DE ARM	RUA OTENS 30		CRUZ DAS ALMAS	BA	44380-000		1999-01-01T17:39:00Z			ATIVO	0.0	0.0				2019-11-14T19:37:56Z			
9003	BAHIA	B	G - 1137m2 a 1600m2	RUA			SOL COMERCIO DE ARMARINHOS LTD	AV. PRESIDENTE VARGAS 106		SANTO AMARO	BA	44200-000		1999-01-01T17:39:00Z			ATIVO	0.0	0.0				2019-11-14T19:37:56Z			
1111	BAHIA	B	M - 828m2 a 1136m2	SHOPPING			LB BOULEVARD SHOPPING CAMACARI	VIA BOULEVARD SHOPPING CAMACAR		CAMACARI	BA	42800-970		2011-02-26T17:39:00Z			ATIVO	0.0	0.0				2019-11-14T19:37:56Z			
1112	SUDESTE	B	M - 828m2 a 1136m2	SHOPPING			LB SH MOXUARA	AV MARIO GURGEL 5353		CARIACICA	ES	29145-910		2013-04-11T17:39:00Z			ATIVO	0.0	0.0				2019-11-14T19:37:56Z			
1113	SUDESTE	B	P - Ate 827m2	SHOPPING			LB SH MONTSERRAT	AVN ELDES SCHERRER SOUZA 2162		SERRA	ES	29167-080		2011-11-29T17:39:00Z			ATIVO	0.0	0.0				2019-11-14T19:37:56Z			
1114	SUDESTE	A	XG - Acima de 1601m2	SHOPPING			LB SH VITORIA	AVN AMÉRICO BUAIZ 200		VITÓRIA	ES	29050-902		2011-09-29T17:39:00Z			ATIVO	0.0	0.0				2019-11-14T19:37:56Z			
1115	BAHIA	B	M - 828m2 a 1136m2	SHOPPING			LB TEIXEIRA DE FREITAS	AVN  PRESIDENTE GETULIO VARGAS		CENTRO	BA	45985-200					ATIVO	0.0	0.0				2019-11-14T19:37:56Z			
1116	NORDESTE	B	P - Ate 827m2	RUA			LB JUAZEIRO RUA	AVENIDA SAO JOAO 1947		JUAZEIRO	BA	48900-441		2006-11-01T17:39:00Z			ATIVO	0.0	0.0				2019-11-14T19:37:56Z			
1117	BAHIA	B	M - 828m2 a 1136m2	SHOPPING			LB SHOP BARRA	AV CENTENARIO 2992		SALVADOR	BA	40140-400		2011-02-26T17:39:00Z			ATIVO	0.0	0.0				2019-11-14T19:37:56Z			
1118	BAHIA	A	P - Ate 827m2	RUA			LB GETULIO VARGAS	AV. GETUILIO VARGAS 1450		FEIRA DE SANTANA	BA	44001-525		2014-04-05T17:39:00Z			ATIVO	0.0	0.0				2019-11-14T19:37:56Z			
1119	NORTE	A	P - Ate 827m2	SHOPPING			LB SANTA INÊS RUA	RUA DO COMERCIO 272		SANTA INÊS	MA	65300-046		2012-11-29T17:39:00Z			ATIVO	0.0	0.0				2019-11-14T19:37:56Z			
1120	NORDESTE	B	M - 828m2 a 1136m2	SHOPPING			LB RECIFE RUA	AVENIDA CONDE DA BOA VISTA 532		RECIFE	PE	50060-004		2013-07-25T17:39:00Z			ATIVO	0.0	0.0				2019-11-14T19:37:56Z			
1121	NORDESTE	B	M - 828m2 a 1136m2	SHOPPING			LB SHOPPING BOA VISTA	RUA DO GIRIQUITI 48		RECIFE	PE	50070-010		2012-09-20T17:39:00Z			ATIVO	0.0	0.0				2019-11-14T19:37:56Z			
1122	SUDESTE	B	M - 828m2 a 1136m2	SHOPPING			LB MAUA PLAZA SHOPPING	AV GOVERNADOR MARIO COVAS JR 0		MAUA	SP	09390-040		2012-12-14T17:39:00Z			ATIVO	0.0	0.0				2019-11-14T19:37:56Z			
1132	NORTE	A	P - Ate 827m2	SHOPPING			LB SHOPPING PATIO MARABA	ROD BR 230, FOLHA 30, QUADRA 1		MARABA	PA	68507-445		2012-11-23T17:39:00Z			ATIVO	0.0	0.0				2019-11-14T19:37:56Z			
1134	NORDESTE	B	P - Ate 827m2	SHOPPING			LB PATOS SHOPPING	RUA HORACIO NOBREGA S/N		PATOS	PB	58704-440		2018-11-10T17:39:00Z			ATIVO	0.0	0.0				2019-11-14T19:37:56Z			
1140	SUDESTE	B	P - Ate 827m2	SHOPPING			LB VIA BRASIL	AVENIDA DOM PEDRO I 402		BELO HORIZONTE	MG	31710-000		2012-08-30T17:39:00Z			ATIVO	0.0	0.0				2019-11-14T19:37:56Z			
1141	SUDESTE	B	M - 828m2 a 1136m2	SHOPPING			LB BIG SHOPPING	AV JOÃO CESAR DE OLIVEIRA S/N		CONTAGEM	MG	32315-000		2012-11-09T17:39:00Z			ATIVO	0.0	0.0				2019-11-14T19:37:56Z			
1142	NORTE	B	M - 828m2 a 1136m2	SHOPPING			LB GRAND SHOPPING MESSEJANA	AV FREI CIRILO 3840		FORTALEZA	CE	60840-280		2011-02-26T17:39:00Z			ATIVO	0.0	0.0				2019-11-14T19:37:56Z			
1143	SUDESTE	B	M - 828m2 a 1136m2	SHOPPING			LB SHOPPING PASSEIO DAS AGUAS	AV PERIMETRAL NORTE 8303		GOIANIA	GO	74445-360		2013-04-11T17:39:00Z			ATIVO	0.0	0.0				2019-11-14T19:37:56Z			
1144	NORTE	B	G - 1137m2 a 1600m2	RUA			LB CASTANHAL RUA	AV. BARAO DO RIO BRANCO 2079		CASTANHAL	PA	68743-050		2012-11-23T17:39:00Z			ATIVO	0.0	0.0				2019-11-14T19:37:56Z			
1145	SUDESTE	B	P - Ate 827m2	SHOPPING			LB SHOPPING CERRADO	AV ANHANGUERA 10790		GOIANIA	GO	74435-300		2012-08-30T17:39:00Z			ATIVO	0.0	0.0				2019-11-14T19:37:56Z			
1146	SUDESTE	B	P - Ate 827m2	SHOPPING			LB PARTAGE SHOPPING BETIM	ROD BR-381 FERNAO DIAS S/N		BETIM	MG	32655-505		2011-11-29T17:39:00Z			ATIVO	0.0	0.0				2019-11-14T19:37:56Z			
1148	SUDESTE	B	P - Ate 827m2	SHOPPING			LB TIETE PLAZA SHOPPING	AV RAIMUNDO PEREIRA DE MAGALHA		SAO PAULO	SP	05145-907		2011-11-29T17:39:00Z			ATIVO	0.0	0.0				2019-11-14T19:37:56Z			
1124	SUDESTE	B	M - 828m2 a 1136m2	SHOPPING			LB SH MESTRE ALVARO	AV JOAO PALACIO 300		SERRA	ES	29160-161		2012-11-09T17:39:00Z			ATIVO	0.0	0.0				2019-11-14T19:37:56Z			
1125	SUDESTE	B	M - 828m2 a 1136m2	SHOPPING			LB SH PRAIA DA COSTA	AV DOUTOR OLIVIO LIRA 353		VILA VELHA	ES	29101-950		2012-11-09T17:39:00Z			ATIVO	0.0	0.0				2019-11-14T19:37:56Z			
1126	SUDESTE	A	XG - Acima de 1601m2	SHOPPING			LB SH VILA VELHA	LUCIANO DAS NEVES 2418		VILA VELHA	ES	29107-900		2011-09-29T17:39:00Z			ATIVO	0.0	0.0				2019-11-14T19:37:56Z			
1127	NORDESTE	B	M - 828m2 a 1136m2	SHOPPING			LB MOSSORÓ RUA	CORONEL GURGEL 378		MOSSORÓ	RN	59600-200		2013-07-25T17:39:00Z			ATIVO	0.0	0.0				2019-11-14T19:37:56Z			
1128	BAHIA	B	P - Ate 827m2	SHOPPING			LB ARACAJU PARQUE SHOPPING	AV. JOÃO RODRIGUES 42		ARACAJU	SE	49065-450		2011-06-30T17:39:00Z			ATIVO	0.0	0.0				2019-11-14T19:37:56Z			
1131	NORTE	A	P - Ate 827m2	SHOPPING			LB SHOPPING PÁTIO BELÉM	TRAVESSA PADRE EUTIQUIO 1128		BELÉM	PA	66013-090		2018-10-25T17:39:00Z			ATIVO	0.0	0.0				2019-11-14T19:37:56Z			
1136	NORDESTE	B	M - 828m2 a 1136m2	SHOPPING			LB VITORIA DE SANTO ANTAO RUA	RUA MELO VERCOSA 137		VITORIA DE SANTO ANTÃO	PE	55602-020		2013-07-25T17:39:00Z			ATIVO	0.0	0.0				2019-11-14T19:37:56Z			
1137	BAHIA	B	G - 1137m2 a 1600m2	RUA			LB FEIRA DE SANTANA RUA	AVENIDA SENHOR DOS PASSOS 1350		FEIRA DE SANTANA	BA	44002-200		1988-01-01T17:39:00Z			ATIVO	0.0	0.0				2019-11-14T19:37:56Z			
1139	SUDESTE	B	M - 828m2 a 1136m2	SHOPPING			LB MAIS SHOPPING	RUA AMADOR BUENO 229		SAO PAULO	SP	04752-005		2012-11-09T17:39:00Z			ATIVO	0.0	0.0				2019-11-14T19:37:56Z			
1130	BAHIA	C	P - Ate 827m2	RUA			LB AGUAS CLARAS RUA	ESTRADA DO MATADOURO 207		SALVADOR	BA	41311-262		2012-07-19T17:39:00Z			ATIVO	0.0	0.0				2019-11-14T19:37:56Z			
1129	NORTE	A	P - Ate 827m2	SHOPPING			LB IT CENTER	AV SEN LEMOS 3152		BELEM	PA	66120-000		2012-11-23T17:39:00Z			ATIVO	0.0	0.0				2019-11-14T19:37:56Z			
1092	BAHIA	C	P - Ate 827m2	RUA			LB SHOPPING CAJAZEIRAS	EST DO COQUEIRO GRANDE 1361		SALVADOR	BA	41343-855		2014-04-07T17:39:00Z			ATIVO	0.0	0.0				2019-11-14T19:37:56Z			
1093	NORTE	B	M - 828m2 a 1136m2	SHOPPING			LB SHOP BOULEVARD BELEM	Av Visconde de Souza Franco 77		BELEM	PA	66053-000		2012-04-19T17:39:00Z			ATIVO	0.0	0.0				2019-11-14T19:37:56Z			
1094	NORDESTE	B	M - 828m2 a 1136m2	SHOPPING			LB SHOP COSTA DOURADA	RODOVIA PE-060 3200, LOJA 105		CABO DE SANTO AGOSTINHO	PE	54518-343		2013-07-25T17:39:00Z			ATIVO	0.0	0.0				2019-11-14T19:37:56Z			
1123	SUDESTE	B	M - 828m2 a 1136m2	SHOPPING			LB LITORAL PLAZA SHOPPING	AV AYRTON SENNA DA SILVA 1511		PRAIA GRANDE	SP	11726-500		2012-11-09T17:39:00Z			ATIVO	0.0	0.0				2019-11-14T19:37:56Z			
1091	NORDESTE	B	P - Ate 827m2	SHOPPING			LB SHOPPING PEIXOTO	AV.JOSE AMANCIO BISPO 5419		ITABAIANA	SE	49505-330		2011-06-30T17:39:00Z			ATIVO	0.0	0.0				2019-11-14T19:37:56Z			
1081	NORTE	C	M - 828m2 a 1136m2	SHOPPING			LB PÁTIO NORTE SHOPPING	ETR DE SAO JOSE DE RIBAMAR 100		SÃO JOSÉ DE RIBAMAR	MA	65110-000		2015-03-20T17:39:00Z			ATIVO	0.0	0.0				2019-11-14T19:37:56Z			
1083	NORDESTE	B	M - 828m2 a 1136m2	SHOPPING			LB PAULISTA NORTH WAY	RODOVIA PE 15, KM 16,5 S/N		PAULISTA	PE	53401-445		2013-07-25T17:39:00Z			ATIVO	0.0	0.0				2019-11-14T19:37:56Z			
1084	NORTE	A	P - Ate 827m2	SHOPPING			LB RIO POTY	AV. MAL CASTELO BRANCO 911, LJ		TERESINA	PI	64003-087		2013-12-05T17:39:00Z			ATIVO	0.0	0.0				2019-11-14T19:37:56Z			
1085	BAHIA	B	G - 1137m2 a 1600m2	RUA			LB SH BUSCA VIDA	ESTRADA ESTRADA DO CO KM 10, T		CAMACARI	BA	42840-000		1999-01-01T17:39:00Z			ATIVO	0.0	0.0				2019-11-14T19:37:56Z			
1086	NORTE	C	P - Ate 827m2	SHOPPING			LB SH PICOS PLAZA	AV SENADOR HELVIDIO NUNES S/N		PICOS	PI	64607-760		2016-10-06T17:39:00Z			ATIVO	0.0	0.0				2019-11-14T19:37:56Z			
1087	NORDESTE	B	M - 828m2 a 1136m2	SHOPPING			LB NATAL NORTE SH	AV DOUTOR JOAO MEDEIROS FILHO		NATAL	RN	59110-200		2013-07-25T17:39:00Z			ATIVO	0.0	0.0				2019-11-14T19:37:56Z			
1088	NORDESTE	B	M - 828m2 a 1136m2	SHOPPING			LB SH GUARARAPES	AV BARRETO DE MENEZES S/N, 127		JABOATAO DOS GUARARAPES	PE	54410-100		2013-07-25T17:39:00Z			ATIVO	0.0	0.0				2019-11-14T19:37:56Z			
1095	NORTE	B	P - Ate 827m2	SHOPPING			LB NORTH SHOP FORTALEZA	AV BEZERRA DE MENEZE 2450, LOJ		Fortaleza	CE	60325-002		2013-11-26T17:39:00Z			ATIVO	0.0	0.0				2019-11-14T19:37:56Z			
1096	NORTE	A	M - 828m2 a 1136m2	SHOPPING			LB GOLDEN SH CALHAU	AVN DOS HOLANDESES 200		SÃO LUIS	MA	65071-380		2014-05-06T17:39:00Z			ATIVO	0.0	0.0				2019-11-14T19:37:56Z			
1075	NORDESTE	B	XG - Acima de 1601m2	SHOPPING			LB JARDINS	AVENIDA MINISTRO GERALDO BARRE		ARACAJU	SE	49026-900		2014-07-10T17:39:00Z			ATIVO	0.0	0.0				2019-11-14T19:37:56Z			
1089	NORTE	B	M - 828m2 a 1136m2	SHOPPING			LB SH PRESIDENTE KENNEDY	AV SARGENTO HERMINIO SAMPAIO 3		FORTALEZA	CE	60355-512		2013-10-31T17:39:00Z			ATIVO	0.0	0.0				2019-11-14T19:37:56Z			
1090	NORDESTE	B	P - Ate 827m2	SHOPPING			LB MANAIRA SHOPPING	AV GOV FLAVIO RIBEIRO COUTINHO		CABEDELO	PB	58102-835		2011-06-30T17:39:00Z			ATIVO	0.0	0.0				2019-11-14T19:37:56Z			
1135	NORDESTE	B	M - 828m2 a 1136m2	SHOPPING			LB SHOPPING DIFUSORA	AVENIDA AGAMENON MAGALHAES 444		CARUARU	PE	55014-000		2012-09-20T17:39:00Z			ATIVO	0.0	0.0				2019-11-14T19:37:56Z			
1080	NORDESTE	B	P - Ate 827m2	SHOPPING			LB MANGABEIRA SHOPPING	AV. HILTON SOUTO MAIOR 3901		JOAO PESSOA	PB	58055-018		2018-11-10T17:39:00Z			ATIVO	0.0	0.0				2019-11-14T19:37:56Z			
1053	NORTE	B	M - 828m2 a 1136m2	SHOPPING			LB NORTH JOQUEI CLUBE	AVENIDA LINEU MACHADO 419		FORTALEZA	CE	60520-101		2013-10-31T17:39:00Z			ATIVO	0.0	0.0				2019-11-14T19:37:56Z			
1063	NORTE	B	M - 828m2 a 1136m2	SHOPPING			LB RIO ANIL	AVENIDA SAO LUIS REI DE FRANCA		SAO LUIS	MA	65065-470		2013-10-31T17:39:00Z			ATIVO	0.0	0.0				2019-11-14T19:37:56Z			
1064	NORTE	B	P - Ate 827m2	SHOPPING			LB SHOP PARANGABA	RUA GERMANO FRANK 300		FORTALEZA	CE	60740-020		2013-11-26T17:39:00Z			ATIVO	0.0	0.0				2019-11-14T19:37:56Z			
1065	NORTE	A	P - Ate 827m2	SHOPPING			LB SHOP DOS HOLANDESES	AVENIDA DOS HOLANDESES 1, QUAD		SAO LUIS	MA	65071-380		2013-12-05T17:39:00Z			ATIVO	0.0	0.0				2019-11-14T19:37:56Z			
1066	NORDESTE	C	M - 828m2 a 1136m2	SHOPPING			LB SHOP PATIO MACEIO	AV MENINO MARCELO 3800		MACEIO	AL	57081-385		2013-11-27T17:39:00Z			ATIVO	0.0	0.0				2019-11-14T19:37:56Z			
1077	NORTE	C	M - 828m2 a 1136m2	SHOPPING			LB MARACANAU	AV SEN CARLOS JEREISS 100, LOJ		MARACANAU	CE	61901-012		2014-08-29T17:39:00Z			ATIVO	0.0	0.0				2019-11-14T19:37:56Z			
1078	BAHIA	B	M - 828m2 a 1136m2	SHOPPING			LB SHOP PATIO MIX	AV SÃO PAULO 2575, LOJA 1012		TEIXEIRA DE FREITA	BA	45990-678					ATIVO	0.0	0.0				2019-11-14T19:37:56Z			
1076	BAHIA	B	P - Ate 827m2	RUA			LB LUIS EDUARDO MAGALHAES	RUA PERNAMBUCO 96, Qd11Lote22		LUIS EDUARDO	BA	47850-970		2014-06-30T17:39:00Z			ATIVO	0.0	0.0				2019-11-14T19:37:56Z			
1067	NORDESTE	B	M - 828m2 a 1136m2	SHOPPING			LB MACEIO SHOPPING	AVENIDA COMENDADOR GUSTAVO PAI		MACEIO	AL	57032-901		2013-12-12T17:39:00Z			ATIVO	0.0	0.0				2019-11-14T19:37:56Z			
1068	BAHIA	A	P - Ate 827m2	RUA			LB MANOEL DIAS	RUA PERNAMBUCO 2089		SALVADOR	BA	41830-390		2014-04-05T17:39:00Z			ATIVO	0.0	0.0				2019-11-14T19:37:56Z			
1069	BAHIA	B	M - 828m2 a 1136m2	RUA			LB PAULO AFONSO	AVENIDA APOLONIO SALES 125		PAULO AFONSO	BA	48601-195		2014-04-02T17:39:00Z			ATIVO	0.0	0.0				2019-11-14T19:37:56Z			
1070	NORTE	A	M - 828m2 a 1136m2	SHOPPING			LB SAO LUIS SHOP	AVENIDA PROFESSOR CAR 1000, LU		SAO LUIS	MA	65076-820		2014-05-06T17:39:00Z			ATIVO	0.0	0.0				2019-11-14T19:37:56Z			
1071	NORDESTE	B	G - 1137m2 a 1600m2	SHOPPING			LB SHOP TACARUNA	AVENIDA AGAMENON MAGALHAES 153		RECIFE	PE	50110-900		2014-04-23T17:39:00Z			ATIVO	0.0	0.0				2019-11-14T19:37:56Z			
1072	PLANETA BEBE	B	M - 828m2 a 1136m2	SHOPPING			PB PARQUE SHOP MACEIO	AVENIDA COMENDADOR GUSTAVO PAI		MACEIO	AL	57038-000		2014-04-17T17:39:00Z			ATIVO	0.0	0.0				2019-11-14T19:37:56Z			
1073	PLANETA BEBE	B	M - 828m2 a 1136m2	SHOPPING			PB SHOPPING PARALELA	AVENIDA LUIS VIANA 8544, LJ.C		SALVADOR	BA	41730-101		2014-04-03T17:39:00Z			ATIVO	0.0	0.0				2019-11-14T19:37:56Z			
1074	BAHIA	C	P - Ate 827m2	RUA			LB LIBERDADE	ESTRADA DA LIBERDAD 370, PRIMO		SALVADOR	BA	40370-006		2014-04-07T17:39:00Z			ATIVO	0.0	0.0				2019-11-14T19:37:56Z			
1054	SUDESTE	B	M - 828m2 a 1136m2	SHOPPING			LB SHOP IGUATEMI ESPLANADA	AVENIDA GISELE CONSTANTINO SN		VOTORANTIM	SP	18110-650		2013-11-14T17:39:00Z			ATIVO	0.0	0.0				2019-11-14T19:37:56Z			
1055	PLANETA BEBE	B	G - 1137m2 a 1600m2	SHOPPING			PB SHOP SSA	AVENIDA TANCREDO NEVES 3133		SALVADOR	BA	41820-021		2007-05-22T17:39:00Z			ATIVO	0.0	0.0				2019-11-14T19:37:56Z			
1056	BAHIA	B	P - Ate 827m2	RUA			LB ALAGOINHAS	RUA PADRE VIEIRA SN		ALAGOINHAS	BA	48040-320		2013-12-18T17:39:00Z			ATIVO	0.0	0.0				2019-11-14T19:37:56Z			
1057	NORDESTE	A	M - 828m2 a 1136m2	SHOPPING			LB PARQUE SHOP MACEIO	AVENIDA COMENDADOR GUSTAVO PAI		MACEIO	AL	57038-000		2013-11-06T17:39:00Z			ATIVO	0.0	0.0				2019-11-14T19:37:56Z			
1058	NORDESTE	B	M - 828m2 a 1136m2	SHOPPING			LB RIVER SHOP PETROLINA	AVENIDA MONSENHOR ÂNGELO SAMPA		PETROLINA	PE	56304-920		2013-11-19T17:39:00Z			ATIVO	0.0	0.0				2019-11-14T19:37:56Z			
1059	BAHIA	B	M - 828m2 a 1136m2	RUA			LB JEQUIE	RUA JOAO MANGABEIRA 3579		JEQUIE	BA	45200-320		2013-11-28T17:39:00Z			ATIVO	0.0	0.0				2019-11-14T19:37:56Z			
1060	SUDESTE	B	P - Ate 827m2	SHOPPING			LB SHOP CIANE SOROCABA	AVENIDA DOUTOR AFONSO 823, LOJ		SOROCABA	SP	18035-370		2013-12-05T17:39:00Z			ATIVO	0.0	0.0				2019-11-14T19:37:56Z			
1061	PLANETA BEBE	B	M - 828m2 a 1136m2	SHOPPING			PB SSA NORTE SHOP	RODOVIA BA-526 305		SALVADOR	BA	41510-000		2010-11-09T17:39:00Z			ATIVO	0.0	0.0				2019-11-14T19:37:56Z			
1062	NORDESTE	B	M - 828m2 a 1136m2	SHOPPING			PB SHOP RIO MAR	AVENIDA DELMIRO GOUVEIA SN		ARACAJU	SE	49035-810		2008-05-09T17:39:00Z			ATIVO	0.0	0.0				2019-11-14T19:37:56Z			
1042	NORTE	B	G - 1137m2 a 1600m2	RUA			LB BELEM RUA	TRAVESSA PADRE EUTIQUIO 1065		BELEM	PA	66023-710		2012-11-23T17:39:00Z			ATIVO	0.0	0.0				2019-11-14T19:37:56Z			
1043	SUDESTE	B	M - 828m2 a 1136m2	SHOPPING			LB SHOP NACOES BAURU	RUA MARCONDES SALGADO SETO 39,		BAURU	SP	17013-231		2012-12-14T17:39:00Z			ATIVO	0.0	0.0				2019-11-14T19:37:56Z			
1044	NORTE	A	P - Ate 827m2	SHOPPING			LB SHOP BELEM	ROD AUGUSTO MONTENEGRO  KM 04		BELEM	PA	66635-110		2012-11-23T17:39:00Z			ATIVO	0.0	0.0				2019-11-14T19:37:56Z			
1045	BAHIA	A	P - Ate 827m2	RUA			LB LITORAL NORTE	AVENIDA SANTOS DUMONT 05876, K		LAURO DE FREITAS	BA	42700-000		2012-11-24T17:39:00Z			ATIVO	0.0	0.0				2019-11-14T19:37:56Z			
1046	SUDESTE	B	M - 828m2 a 1136m2	SHOPPING			LB SHOP ARICANDUVA	AVENIDA ARICANDUVA 555		SAO PAULO	SP	03527-000		2013-04-11T17:39:00Z			ATIVO	0.0	0.0				2019-11-14T19:37:56Z			
1047	NORDESTE	C	G - 1137m2 a 1600m2	SHOPPING			LB SHOP ARAPIRACA	RUA JOSE LEITE BEZERRA SN		ARAPIRACA	AL	57310-400		2013-09-25T17:39:00Z			ATIVO	0.0	0.0				2019-11-14T19:37:56Z			
1048							CD CAMACARI	RODOVIA BA 535 KM 13 SN, LOTE		CAMACARI	BA	42810-200					ATIVO	0.0	0.0				2019-11-14T19:37:56Z			
1049	BAHIA	B	P - Ate 827m2	RUA			LB BARREIRAS	RUA PRINCESA ISABEL 395		BARREIRAS	BA	47830-070		2013-06-04T17:39:00Z			ATIVO	0.0	0.0				2019-11-14T19:37:56Z			
1050	NORTE	B	XG - Acima de 1601m2	RUA			LB RUA GRANDE	RUA OSWALDO CRUZ 415		SAO LUIS	MA	65020-250		2013-08-29T17:39:00Z			ATIVO	0.0	0.0				2019-11-14T19:37:56Z			
1051	NORTE	B	M - 828m2 a 1136m2	SHOPPING			LB SHOP NORTH SOBRAL	AVENIDA MONS ALOISIO PINTO 300		SOBRAL	CE	62050-255		2013-08-01T17:39:00Z			ATIVO	0.0	0.0				2019-11-14T19:37:56Z			
1052	NORDESTE	B	M - 828m2 a 1136m2	SHOPPING			LB SHOP WEST MOSSORO	AVENIDA JOÃO DA ESCOSSIA 1515		MOSSORO	RN	59607-330		2013-07-25T17:39:00Z			ATIVO	0.0	0.0				2019-11-14T19:37:56Z			
1002	BAHIA	B	G - 1137m2 a 1600m2	RUA			LB TERTULIANO	RUA MONSENHOR TERTULIANO CARNE		FEIRA DE SANTANA	BA	44002-296		1988-01-01T17:39:00Z			ATIVO	0.0	0.0				2019-11-14T19:37:56Z			
1005	BAHIA	C	M - 828m2 a 1136m2	RUA			LB PARAISO	RUA DO PARAISO 291		SALVADOR	BA	40040-000		1992-01-01T17:39:00Z			ATIVO	0.0	0.0				2019-11-14T19:37:56Z			
1006	BAHIA	B	G - 1137m2 a 1600m2	RUA			LB BONOCO	AVENIDA MARIO LEAL FERREIRA 12		SALVADOR	BA	40285-600		1999-01-01T17:39:00Z			ATIVO	0.0	0.0				2019-11-14T19:37:56Z			
1007	BAHIA	B	XG - Acima de 1601m2	RUA			LB SAO CRISTOVAO	AV SAO CRISTOVAO SN, LOJA		SALVADOR	BA	41510-333		2006-12-01T17:39:00Z			ATIVO	0.0	0.0				2019-11-14T19:37:56Z			
1008	BAHIA	B	P - Ate 827m2	RUA			LB COMERCIO	RUA TORQUATO BAHIA 3		SALVADOR	BA	40015-110		2006-11-01T17:39:00Z			ATIVO	0.0	0.0				2019-11-14T19:37:56Z			
1010	BAHIA	A	G - 1137m2 a 1600m2	SHOPPING			LB SHOP SSA	AVENIDA TANCREDO NEVES 3133		SALVADOR	BA	41820-021		2007-05-01T17:39:00Z			ATIVO	0.0	0.0				2019-11-14T19:37:56Z			
1011	BAHIA	B	M - 828m2 a 1136m2	SHOPPING			LB SHOP BOULEVARD	AVENIDA JOAO DURVAL CARNEIRO 3		FEIRA DE SANTANA	BA	44037-975		2007-10-01T17:39:00Z			ATIVO	0.0	0.0				2019-11-14T19:37:56Z			
1012	NORDESTE	A	G - 1137m2 a 1600m2	SHOPPING			LB SHOP RIOMAR  SE	AVENIDA DELMIRO GOUVEIA SN		ARACAJU	SE	49035-810		2008-05-01T17:39:00Z			ATIVO	0.0	0.0				2019-11-14T19:37:56Z			
1013	BAHIA	B	P - Ate 827m2	RUA			LB CAMACARI	AV GETULIO VARGAS 223		CAMACARI	BA	42800-005		2008-12-01T17:39:00Z			ATIVO	0.0	0.0				2019-11-14T19:37:56Z			
1014	BAHIA	B	M - 828m2 a 1136m2	SHOPPING			LB SHOP PARALELA	AVENIDA LUIS VIANA 8544, QUADR		SALVADOR	BA	41730-101		2009-10-01T17:39:00Z			ATIVO	0.0	0.0				2019-11-14T19:37:56Z			
1015	BAHIA	B	P - Ate 827m2	SHOPPING			LB SHOP CONQ. SUL	AVENIDA JURACY MAGAL 3340, QUA		VITORIA DA CONQUISTA	BA	45023-490		2009-12-01T17:39:00Z			ATIVO	0.0	0.0				2019-11-14T19:37:56Z			
1016	BAHIA	C	P - Ate 827m2	SHOPPING			LB SHOP ITAGUARI	AV GOVERNADOR ROBERTO SANTOS S		SANTO ANTONIO DE JESUS	BA	44572-060		2010-09-01T17:39:00Z			ATIVO	0.0	0.0				2019-11-14T19:37:56Z			
1017	BAHIA	B	G - 1137m2 a 1600m2	SHOPPING			LB SHOP SSA NORTE	RODOVIA BA-526 305		SALVADOR	BA	41510-000		2010-11-01T17:39:00Z			ATIVO	0.0	0.0				2019-11-14T19:37:56Z			
1018	BAHIA	B	M - 828m2 a 1136m2	SHOPPING			LB SHOP IGUATEMI SSA	AVENIDA TANCREDO NEVES 148		SALVADOR	BA	41820-908		2011-02-26T17:39:00Z			ATIVO	0.0	0.0				2019-11-14T19:37:56Z			
1019	BAHIA	B	P - Ate 827m2	SHOPPING			LB SHOP JEQUITIBA	AVENIDA AZIZ MARON SN		ITABUNA	BA	45605-415		2011-06-30T17:39:00Z			ATIVO	0.0	0.0				2019-11-14T19:37:56Z			
1020	SUDESTE	A	XG - Acima de 1601m2	SHOPPING			LB SHOP D PEDRO	AVENIDA GUILHERME CAMPOS 500		CAMPINAS	SP	13087-901		2011-09-29T17:39:00Z			ATIVO	0.0	0.0				2019-11-14T19:37:56Z			
1021	SUDESTE	B	M - 828m2 a 1136m2	SHOPPING			LB SHOP INDAIATUBA	ALAMEDA FILTROS MANN 670, ARA		INDAIATUBA	SP	13344-580		2011-09-23T17:39:00Z			ATIVO	0.0	0.0				2019-11-14T19:37:56Z			
1022	NORDESTE	C	P - Ate 827m2	SHOPPING			LB SHOP PREMIO	AVENIDA COLETORA A CONJ MARCOS		NOSSA SENHORA DO SOCORRO	SE	49160-000		2011-10-01T17:39:00Z			ATIVO	0.0	0.0				2019-11-14T19:37:56Z			
1023	NORTE	B	G - 1137m2 a 1600m2	SHOPPING			LB SHOP ILHA	AVENIDA DANIEL DE LA TOUCHE 98		SAO LUIS	MA	65074-115		2012-03-01T17:39:00Z			ATIVO	0.0	0.0				2019-11-14T19:37:56Z			
1024	SUDESTE	B	P - Ate 827m2	SHOPPING			LB SHOP MOOCA	RUA CAPITAO PACHECO CHAVES 313		SAO PAULO	SP	03126-000		2011-11-29T17:39:00Z			ATIVO	0.0	0.0				2019-11-14T19:37:56Z			
1025	BAHIA	C	P - Ate 827m2	RUA			LB SIMOES FILHO	RUA RUI BARBOSA LOT 212, QD29		SIMOES FILHO	BA	43700-970		2012-07-19T17:39:00Z			ATIVO	0.0	0.0				2019-11-14T19:37:56Z			
1026	SUDESTE	C	G - 1137m2 a 1600m2	RUA			LB CAMPINAS RUA	TRAVESSA CASALBUONO 120		SAO PAULO	SP	02089-900		2012-05-24T17:39:00Z			ATIVO	0.0	0.0				2019-11-14T19:37:56Z			
1027	NORDESTE	B	M - 828m2 a 1136m2	SHOPPING			LB SHOP RECIFE	RUA PADRE CARAPUCEIRO 777		RECIFE	PE	51020-280		2012-04-19T17:39:00Z			ATIVO	0.0	0.0				2019-11-14T19:37:56Z			
1028	PLANETA BEBE	A	M - 828m2 a 1136m2	SHOPPING			PB SHOP RECIFE	RUA PADRE CARAPUCEIRO 777		RECIFE	PE	51020-900		2012-04-19T17:39:00Z			ATIVO	0.0	0.0				2019-11-14T19:37:56Z			
1029	BAHIA	B	M - 828m2 a 1136m2	SHOPPING			LB SHOP BELA VISTA	RUA DOS RODOVIARIOS SN		SALVADOR	BA	41150-125		2012-07-13T17:39:00Z			ATIVO	0.0	0.0				2019-11-14T19:37:56Z			
1030	NORDESTE	A	G - 1137m2 a 1600m2	SHOPPING			LB SHOP RIOMAR RECIFE	AVENIDA REPUBLICA DO LIBANO 25		RECIFE	PE	51110-160		2012-10-30T17:39:00Z			ATIVO	0.0	0.0				2019-11-14T19:37:56Z			
1031	NORDESTE	B	M - 828m2 a 1136m2	SHOPPING			LB SHOP NORTH CARUARU	AVENIDA ADJAR DA SILVA CASE 80		CARUARU	PE	55024-740		2012-09-20T17:39:00Z			ATIVO	0.0	0.0				2019-11-14T19:37:56Z			
1032	NORDESTE	B	M - 828m2 a 1136m2	SHOPPING			LB SHOP MIDWAY MALL	AVENIDA BERNARDO VIEIRA 3775		NATAL	RN	59015-900		2012-09-27T17:39:00Z			ATIVO	0.0	0.0				2019-11-14T19:37:56Z			
1033	SUDESTE	B	P - Ate 827m2	SHOPPING			LB SHOP CENTER UBERLANDIA	AVENIDA JOAO NAVES DE AVILA 13		UBERLANDIA	MG	38408-100		2012-08-30T17:39:00Z			ATIVO	0.0	0.0				2019-11-14T19:37:56Z			
1034	SUDESTE	A	M - 828m2 a 1136m2	SHOPPING			LB SHOP UBERLANDIA	AVENIDA PAULO GRACINDO  LOTS D		UBERLANDIA	MG	38408-100		2012-08-30T17:39:00Z			ATIVO	0.0	0.0				2019-11-14T19:37:56Z			
1035	PLANETA BEBE		P - Ate 827m2	SHOPPING			PB RIOMAR RECIFE	AVENIDA REP. DO LIBA 251, SETO		RECIFE	PE	51110-160		2012-10-30T17:39:00Z			ATIVO	0.0	0.0				2019-11-14T19:37:56Z			
1036	NORTE	B	G - 1137m2 a 1600m2	RUA			LB TERESINA RUA	RUA ALVARO MENDES 1042		TERESINA	PI	64000-060		2013-03-07T17:39:00Z			ATIVO	0.0	0.0				2019-11-14T19:37:56Z			
1037	PLANETA BEBE		P - Ate 827m2	SHOPPING			PB SHOP BARRA	AVENIDA CENTENARIO 2992		SALVADOR	BA	40140-902		2012-09-28T17:39:00Z			ATIVO	0.0	0.0				2019-11-14T19:37:56Z			
1038	NORTE	A	P - Ate 827m2	SHOPPING			LB SHOPPING IMPERIAL	RODOVIA BR-010 SETOR RODOVIARI		IMPERATRIZ	MA	65913-460		2012-11-29T17:39:00Z			ATIVO	0.0	0.0				2019-11-14T19:37:56Z			
1039	NORTE	A	M - 828m2 a 1136m2	SHOPPING			LB SHOP JARACATI	AVENIDA PROFESSOR CARLOS CUNHA		SAO LUIS	MA	65076-909		2012-11-30T17:39:00Z			ATIVO	0.0	0.0				2019-11-14T19:37:56Z			
1040	SUDESTE	B	M - 828m2 a 1136m2	SHOPPING			LB SHOP PQ DAS BANDEIRAS	AVENIDA JOHN BOYD DUNLOP 3300		CAMPINAS	SP	13060-803		2012-11-09T17:39:00Z			ATIVO	0.0	0.0				2019-11-14T19:37:56Z			
1041	SUDESTE	B	M - 828m2 a 1136m2	SHOPPING			LB SHOP SAO BERNARDO	AVENIDA ROTARY SN		SAO BERNARDO DO CAMPO	SP	09721-000		2012-11-13T17:39:00Z			ATIVO	0.0	0.0				2019-11-14T19:37:56Z			
